Dis No,Year,Seq,Glide,Disaster Group,Disaster Subgroup,Disaster Type,Disaster Subtype,Disaster Subsubtype,Event Name,Country,ISO,Region,Continent,Location,Origin,Associated Dis,Associated Dis2,OFDA Response,Appeal,Declaration,AID Contribution ('000 US$),Dis Mag Value,Dis Mag Scale,Latitude,Longitude,Local Time,River Basin,Start Year,Start Month,Start Day,End Year,End Month,End Day,Total Deaths,No Injured,No Affected,No Homeless,Total Affected,Reconstruction Costs ('000 US$),"Reconstruction Costs, Adjusted ('000 US$)",Insured Damages ('000 US$),"Insured Damages, Adjusted ('000 US$)",Total Damages ('000 US$),"Total Damages, Adjusted ('000 US$)",CPI,Adm Level,Admin1 Code,Admin2 Code,Geo Locations
2000-0008-GTM,2000,0008,,Natural,Geophysical,Volcanic activity,Ash fall,,Pacaya,Guatemala,GTM,Central America,Americas,"El Caracol, El Patrocinio, El Rodeo, San Francisco de Sales cities (San Vicente Pacaya district, Escuintla province)",,,,,,,,,,14.381,-90.601,16:15,,2000,1,16,2000,1,16,,,800,,800,,,,,,,58.84064849,2,,64911,San Vicente Pacaya (Adm2). 
2000-0176-JPN,2000,0176,,Natural,Geophysical,Volcanic activity,Ash fall,,Mt. Isu,Japan,JPN,Eastern Asia,Asia,"Abutatyoo, Datesi, Soobetutyoo districts (Hokkaidoo province)",,,,,,,,,,34.92,139.12,,,2000,3,31,2000,4,13,,,12400,,12400,,,,,,,58.84064849,2,,34168;34187;34341,"Abutatyoo, Datesi, Soobetutyoo (Adm2). "
2000-0515-JPN,2000,0515,,Natural,Geophysical,Volcanic activity,Ash fall,,Mt. Oyama,Japan,JPN,Eastern Asia,Asia,Miyakemura district (Tookyoo province),,,,,,,,,,,,,,2000,8,10,2000,8,10,,,4000,,4000,,,,,,,58.84064849,2,,36316,Miyakemura (Adm2). 
2000-0804-MEX,2000,0804,,Natural,Geophysical,Volcanic activity,Ash fall,,Popocatépetl,Mexico,MEX,Central America,Americas,"Mexico, Puebla, Morelos provinces",,,,,,,,,,19.023,-98.622,19:22,,2000,12,18,2000,12,19,,,41000,,41000,,,,,,,58.84064849,1,2042;2044;2048,,"Mexico, Morelos, Puebla (Adm1). "
2000-0089-PHL,2000,0089,,Natural,Geophysical,Volcanic activity,Ash fall,,Mt. Mayon,Philippines (the),PHL,South-Eastern Asia,Asia,"Legazpi City area (Albay district, Region V (Bicol region) province)",,,,Yes,,,647,,,13.257,123.685,,,2000,2,24,2000,3,9,,,68426,,68426,,,,,2214,3763,58.84064849,2,,24240,Albay (Adm2). 
2001-0456-ECU,2001,0456,,Natural,Geophysical,Volcanic activity,Ash fall,,Tungurahua,Ecuador,ECU,South America,Americas,"Quero, Cevallos, Mocha, San Pedro de Pelileo, Tisaleo districts (Tungurahua province), Penipe, Guano districts (Chimborazo province)",,,,Yes,,,420,,,-1.467,-78.442,,,2001,8,14,2001,8,14,,,22770,,22770,,,,,10975,18139,60.50357889,2,,15357;15359;15524;15525;15527;15529;15530,"Cevallos, Guano, Mocha, Penipe, Quero, San Pedro de Pelileo, Tisaleo (Adm2). "
2001-0378-ITA,2001,0378,,Natural,Geophysical,Volcanic activity,Ash fall,,Mt. Etna,Italy,ITA,Southern Europe,Europe,"Nicolosi municipality (Catania Province, Sicilia Region)",,,,,,,,,,37.734,15.004,,,2001,7,18,2001,7,18,,,,,,,,,,3100,5124,60.50357889,2,,18392,Catania (Adm2). 
2002-0693-ECU,2002,0693,,Natural,Geophysical,Volcanic activity,Ash fall,,Reventador,Ecuador,ECU,South America,Americas,"Pedro Mancayo, Cayambe, Quito, Ruminahui, Mejia districts (Pichincha province), Gonzalo Pizarro district (Sucumbios province), El Chaco, Quijos districts (Napo province)",,,,,,Yes,1614,,,,,9:00,,2002,11,3,2002,11,4,,,128150,,128150,,,,,,,61.46318826,2,,15498;15499;15508;15509;15510;15512;15513;15517,"Cayambe, El Chaco, Gonzalo Pizarro, Mejia, Pedro Moncayo, Quijos, Quito, Rumid??ahui (Adm2). "
2002-0846-ECU,2002,0846,,Natural,Geophysical,Volcanic activity,Ash fall,,Tungurahua,Ecuador,ECU,South America,Americas,Banos de Angua Santa district (Tungurahua province),,,,,,,,,,-1.467,-78.442,,,2002,10,2,2002,10,2,,,21500,,21500,,,,,,,61.46318826,2,,15523,Banos de Agua Santa (Adm2). 
2002-0087-GTM,2002,0087,,Natural,Geophysical,Volcanic activity,Ash fall,,de Fuego,Guatemala,GTM,Central America,Americas,"Del Fuego volcano (Chimaltenango, Sacatepéquez, Escuintla provinces)",,,,,,,,,,14.473,-90.88,,,2002,2,13,2002,2,13,,,,,,,,,,,,61.46318826,1,64823;64824;64825,,"Chimaltenango, Escuintla, Sacatepéquez (Adm1). "
2002-0701-IDN,2002,0701,,Natural,Geophysical,Volcanic activity,Ash fall,,Mt. Papandayan,Indonesia,IDN,South-Eastern Asia,Asia,"Garut, Bandung (Jawa Barat province)",,,,,,,,,,,,,,2002,11,11,2002,11,11,,,5000,,5000,,,,,,,61.46318826,2,,18012;73636,"Bandung, Garut (Adm2). "
2002-0072-MEX,2002,0072,,Natural,Geophysical,Volcanic activity,Ash fall,,Colima,Mexico,MEX,Central America,Americas,"La Yerbabuena village (Cuauhtemoc district, Colima province)",,,,,,,,,,19.514,-103.62,,,2002,2,6,2002,2,6,,,300,,300,,,,,,,61.46318826,2,,19816,Cuauhtemoc (Adm2). 
2001-0297-PHL,2001,0297,,Natural,Geophysical,Volcanic activity,Ash fall,,Mt. Mayon,Philippines (the),PHL,South-Eastern Asia,Asia,"Daraga, Bacacay, Sto Domingo, Daraga, Camalig, Ligao, Legazpi City, Tabaco, Malilipot, Guinobatan areas (Albay district, Region V (Bicol region) province)",,,,,Yes,,247,,,13.257,123.685,14:44,,2001,5,24,2001,5,24,,,25576,,25576,,,,,792,1309,60.50357889,2,,24240,Albay (Adm2). 
2001-0461-PHL,2001,0461,,Natural,Geophysical,Volcanic activity,Ash fall,,Mt. Mayon,Philippines (the),PHL,South-Eastern Asia,Asia,"Legazpi City area (Albay district, Region V (Bicol region) province)",,,,,,,,,,,,,,2001,7,25,2001,7,25,,,57645,,57645,,,,,1788,2955,60.50357889,2,,24240,Albay (Adm2). 
2001-0254-VUT,2001,0254,,Natural,Geophysical,Volcanic activity,Ash fall,,Lopevi,Vanuatu,VUT,Melanesia,Oceania,Paama island (Malampa province),,,,,,,,,,-16.507,168.346,15:00,,2001,6,8,2001,6,8,,,4500,,4500,,,,,,,60.50357889,2,,31850,Administrative unit not available (Adm2). 
2001-0732-COD,2001,0732,,Natural,Geophysical,Volcanic activity,Ash fall,,Mt. Nyamuragira,Congo (the Democratic Republic of the),COD,Middle Africa,Africa,"Nord-Kivu, Sud-Kivu provinces",,,,,,,,,,-1.408,29.2,,,2001,2,5,2001,2,5,,,,,,,,,,,,60.50357889,1,1074;1076,,"Nord-Kivu, Sud-Kivu (Adm1). "
2002-0033-COD,2002,0033,,Natural,Geophysical,Volcanic activity,Ash fall,,Mt. Nyiragongo,Congo (the Democratic Republic of the),COD,Middle Africa,Africa,Goma district (Nord-Kivu province),,Earthquake,Explosion,Yes,Yes,,43504,,,-1.52,29.25,,,2002,1,17,2002,1,21,200,400,,110000,110400,,,,,9000,14643,61.46318826,2,,74356,Goma (Adm2). 
2002-0492-PNG,2002,0492,,Natural,Geophysical,Volcanic activity,Ash fall,,Mt Pago,Papua New Guinea,PNG,Melanesia,Oceania,Kimbe district (West New Britain province),,,,,,,1180,,,,,,,2002,7,2,2002,7,2,,,13000,,13000,,,,,,,61.46318826,2,,37556,Kimbe (Adm2). 
2003-0326-ECU,2003,0326,,Natural,Geophysical,Volcanic activity,Ash fall,,Tungurahua,Ecuador,ECU,South America,Americas,"Guano, Penipe districts (Chimborazo province), Cevallos, Mocha, Quero, San Pedro de Pelileo, Tisaleo districts (Tungurahua province) ",,Pollution,,,,Yes,,,,-1.467,-78.442,,,2003,6,5,2003,7,5,,,25000,,25000,,,,,,,62.8584595,2,,15357;15359;15524;15525;15527;15529;15530,"Cevallos, Guano, Mocha, Penipe, Quero, San Pedro de Pelileo, Tisaleo (Adm2). "
2004-0033-IDN,2004,0033,,Natural,Geophysical,Volcanic activity,Ash fall,,Mt. Egon,Indonesia,IDN,South-Eastern Asia,Asia,Sikka district (Nusatenggara Timur province),,"Slide (land, mud, snow, rock)",,,,,,,,,,,,2004,1,29,2004,1,29,,,4615,,4615,,,,,,,64.54132928,2,,18156,Sikka (Adm2). 
2004-0251-IDN,2004,0251,,Natural,Geophysical,Volcanic activity,Ash fall,,Mt. Awu,Indonesia,IDN,South-Eastern Asia,Asia,"Tahuna, Kendahe, Tabukan Utara sub-districts (Kepulauan-sangihe districts, Sulawesi Utara province)",,,,,,,,,,,,09:10,,2004,6,1,2004,6,7,,100,16728,,16828,,,,,,,64.54132928,2,,73699,Kepulauan-sangihe (Adm2). 
2004-0269-IDN,2004,0269,,Natural,Geophysical,Volcanic activity,Ash fall,,Mt. Bromo,Indonesia,IDN,South-Eastern Asia,Asia,"Pasuruan, Probolinggo districts (Jawa Timur province)",,,,,,,,,,,,,,2004,6,8,2004,6,8,2,5,20000,,20005,,,,,,,64.54132928,2,,18091;18093,"Pasuruan, Probolinggo (Adm2). "
2004-0463-IDN,2004,0463,,Natural,Geophysical,Volcanic activity,Ash fall,,Mt. Egon,Indonesia,IDN,South-Eastern Asia,Asia,Sikka district (Nusatenggara Timur province),,,,,,,,,,,,,,2004,9,4,2004,9,4,,,2100,,2100,,,,,,,64.54132928,2,,18156,Sikka (Adm2). 
2005-0205-COM,2005,0205,,Natural,Geophysical,Volcanic activity,Ash fall,,Karthala ,Comoros (the),COM,Eastern Africa,Africa,"Dimani, Pidjani villages (Ngazidja province)",,Pollution,,,,,761,,,,,,,2005,4,16,2005,4,16,,,39000,,39000,,,,,,,66.73105799,1,969,,Ngazidja (Adm1). 
2005-0202-IDN,2005,0202,,Natural,Geophysical,Volcanic activity,Ash fall,,Mt. Talang,Indonesia,IDN,South-Eastern Asia,Asia,Solok district (Sumatera Barat province),,,,,,,,,,,,,,2005,4,12,2005,4,12,,,26000,,26000,,,,,,,66.73105799,2,,73853,Solok (Adm2). 
2003-0224-MNP,2003,0224,,Natural,Geophysical,Volcanic activity,Ash fall,,Mt Anatahan,Northern Mariana Islands (the),MNP,Micronesia,Oceania,Anatahan island (Administrative unit not available province),,,,,,Yes,,,,,,,,2003,5,10,2003,5,10,,,,,,,,,,,,62.8584595,1,2243,,Administrative unit not available (Adm1). 
2004-0610-PNG,2004,0610,,Natural,Geophysical,Volcanic activity,Ash fall,,,Papua New Guinea,PNG,Melanesia,Oceania,Bogia district (Madang province),,,,,,,,,,,,,,2004,10,,2004,11,,,,9600,,9600,,,,,,,64.54132928,2,,37507,Bogia (Adm2). 
2005-0657-COM,2005,0657,,Natural,Geophysical,Volcanic activity,Ash fall,,Karthala,Comoros (the),COM,Eastern Africa,Africa,Ngazidja province,,Pollution,,,,,9,,,,,,,2005,11,24,2005,12,10,1,,245000,,245000,,,,,,,66.73105799,1,969,,Ngazidja (Adm1). 
2005-0731-COL,2005,0731,,Natural,Geophysical,Volcanic activity,Ash fall,,Galeras,Colombia,COL,South America,Americas,"Consacra, Pasto, Sandona, Tangua, Yacuanquer districts (Nariño province)",,,,,,Yes,,,,1.22,-77.37,,,2005,11,24,2005,11,24,,,,,,,,,,,,66.73105799,2,,14069;14102;14115;14120;14124,"Consaca, Pasto, Sandona, Tangua, Yacuanquer (Adm2). "
2005-0818-ETH,2005,0818,,Natural,Geophysical,Volcanic activity,Ash fall,,Mount Arteala,Ethiopia,ETH,Eastern Africa,Africa,Zone 4 district (Afar province),,,,Yes,,,,,,12.623,40.46,,,2005,9,,2005,10,,,,9000,,9000,,,,,,,66.73105799,2,,40790,Zone 4 (Adm2). 
2006-0154-COL,2006,0154,,Natural,Geophysical,Volcanic activity,Ash fall,,Galeras,Colombia,COL,South America,Americas,"Pasto, La Florida districts (Nariño province)",,,,,,,248,,,,,,,2006,3,28,2006,7,12,,,8500,,8500,,,,,,,68.88375871,2,,14089;14102,"La Florida, Pasto (Adm2). "
2006-0380-COL,2006,0380,,Natural,Geophysical,Volcanic activity,Ash fall,,Mount Galeras,Colombia,COL,South America,Americas,"La Florida, Ancuya, Sandona, Consaca districts (Nariño province)",,,,,,Yes,,,,,,14:30,,2006,7,12,2006,7,12,,,8500,,8500,,,,,,,68.88375871,2,,14062;14069;14089;14115,"Ancuya, Consaca, La Florida, Sandona (Adm2). "
2006-0282-COM,2006,0282,,Natural,Geophysical,Volcanic activity,Ash fall,,Karthala,Comoros (the),COM,Eastern Africa,Africa,Ngazidja province,,,,,,,105,,,,,,,2006,5,28,2006,5,28,,,,,,,,,,,,68.88375871,1,969,,Ngazidja (Adm1). 
2006-0283-ECU,2006,0283,,Natural,Geophysical,Volcanic activity,Ash fall,,Tungurahua ,Ecuador,ECU,South America,Americas,"Cusua village ; Tungurahua, Chimborazo provinces",,,,,,Yes,,,,-1.467,-78.442,,,2006,5,10,2006,5,23,,,250,,250,,,,,,,68.88375871,1,1139;1155,,"Chimborazo, Tungurahua (Adm1). "
2006-0373-ECU,2006,0373,,Natural,Geophysical,Volcanic activity,Ash fall,,Tungurahua,Ecuador,ECU,South America,Americas,"Pelileo, Patate, Banos, Cevallos, Tisaleo, Mocha, Quero districts (Tungurahua province), Guano, Penipe districts (Chimborazo province) ; Bolivar, Pastaza, Los Rios, Guayas, Manabi provinces",,,,Yes,Yes,Yes,8040,,,-1.467,-78.442,,,2006,7,14,2006,8,17,5,13,300000,,300013,,,,,150000,217758,68.88375871,1,1136;1139;1147;1148;1152;1155;22005,,"Bolivar, Chimborazo, Guayas, Los Rios, Manabi, Pastaza, Tungurahua (Adm1). "
2006-0196-IDN,2006,0196,,Natural,Geophysical,Volcanic activity,Ash fall,,Mt. Merapi,Indonesia,IDN,South-Eastern Asia,Asia,"Boyolali, Magelang, Kota Magelang, Kota Klaten, Klaten districts (Jawa Tengah province), Sleman district (Daerah Istimewa Yogyakarta province)",,,,,,,100,,,,,,,2006,4,18,2006,5,15,,,11000,,11000,,,,,,,68.88375871,2,,17985;18034;18042;18043;18050;73730,"Boyolali, Klaten, Kota Klaten, Kota Magelang, Magelang, Sleman (Adm2). "
2007-0150-COL,2007,0150,VO-2007-000048,Natural,Geophysical,Volcanic activity,Ash fall,,Nevado del Huila,Colombia,COL,South America,Americas,"Tierradentro town (Inza district, Cauca province), Paez Belalcázar, Avirama, Cohetando, Toez, Vitonco, Yosayo, Mosoco, San Jose, Lame, Suin, Chinas, Buco towns (Paez district, Cauca province), Caloto district (Cauca province) La Plata, Paicol, Iquira, Teruel, Tesalia and Nataga districts (Huila province)",,"Slide (land, mud, snow, rock)",,,,,,,,2.93,-76.03,,,2007,4,18,2007,4,18,,,3000,,3000,,,,,,,70.8487927,2,,13726;13733;13742;13986;13989;13990;13993;14005;14006,"Caloto, Inza, Iquira, La Plata, Nataga, Paez, Paicol, Teruel, Tesalia (Adm2). "
2005-0308-PNG,2005,0308,,Natural,Geophysical,Volcanic activity,Ash fall,,"Langila, Manam",Papua New Guinea,PNG,Melanesia,Oceania,"Aitavala, Masele, Kilenge, Ongaea, Potne, Sumel, Vem, Galegale, Tauale, Laut, Aimaga, Aipate, Gie villages (Gloucester district, West New Britain province)",,,,,,,,,,-4.08,145.037,,,2005,6,2,2005,6,10,,,15000,,15000,,,,,,,66.73105799,2,,37554,Gloucester (Adm2). 
2005-0570-SLV,2005,0570,,Natural,Geophysical,Volcanic activity,Ash fall,,Santa Ana (Ilamatepec),El Salvador,SLV,Central America,Americas,"Juayua, Nahuizalco districts (Sonsonate province), Santa Ana district (Santa Ana province), San Francisco Menendez, Ahuachapan districts (Ahuachapan province)",,,,,,,,,,13.852846,-89.63,,,2005,10,1,2005,10,1,2,,2000,,2000,,,,,,,66.73105799,2,,15566;15573;15785;15794;15795,"Ahuachapan, Juayua, Nahuizalco, San Francisco Menendez, Santa Ana (Adm2). "
2005-0664-VUT,2005,0664,,Natural,Geophysical,Volcanic activity,Ash fall,,Mt. Ambae,Vanuatu,VUT,Melanesia,Oceania,Ambae island (Penama province),,,,,,Yes,,,,-16.507,168.346,,,2005,11,27,2005,11,27,,,5000,,5000,,,,,,,66.73105799,2,,31851,Administrative unit not available (Adm2). 
2006-0729-MSR,2006,0729,,Natural,Geophysical,Volcanic activity,Ash fall,,Soufriere,Montserrat,MSR,Caribbean,Americas,"Belham valley (Central, Salem provinces)",,,,,,,,,,,,,,2006,12,26,2006,,,,,200,,200,,,,,,,68.88375871,2,,21781;21785,Administrative unit not available (Adm2). 
2006-0213-PER,2006,0213,,Natural,Geophysical,Volcanic activity,Ash fall,,Ubinas,Peru,PER,South America,Americas,"Ubinas, Matalaque, Chojata, Lloque, Yunga, Ichuna, Coalaque, La Capilla, Omate, Puquina, Quinistaquillas municipalities (General Sanchez Cerro districts, Moquegua province), San Juan de Taracuni municipality (Arequipa district ,Arequipa province)",,,,,,Yes,61,,,-16.355,-70.9,,,2006,3,27,2006,4,23,,,3000,,3000,,,,,,,68.88375871,2,,24039;24151,"Arequipa, General S??nchez Cerro (Adm2). "
2006-0450-PHL,2006,0450,,Natural,Geophysical,Volcanic activity,Ash fall,,Mt. Mayon,Philippines (the),PHL,South-Eastern Asia,Asia,"Sto Domingo, Daraga, Camalig, Ligao, Legazpi City, Tabaco, Malilipot, Guinobatan areas (Albay district, Region V (Bicol region) province)",,,,,,,120,,,13.257,123.685,,,2006,8,13,2006,8,13,,,43849,,43849,,,,,,,68.88375871,2,,24240,Albay (Adm2). 
2006-0540-PNG,2006,0540,,Natural,Geophysical,Volcanic activity,Ash fall,,Tavurvur ,Papua New Guinea,PNG,Melanesia,Oceania,"Kokopo, Rabaul districts (East New Britain province)",,,,,,,,,,,,08:45,,2006,10,7,2006,10,7,,,1221,,1221,,,,,,,68.88375871,2,,37482;37484,"Kokopo, Rabaul (Adm2). "
2006-0715-PNG,2006,0715,,Natural,Geophysical,Volcanic activity,Ash fall,,Karai ,Papua New Guinea,PNG,Melanesia,Oceania,"Kaiamu, Malasi, Sulu, Silali villages (Bialla district, West New Britain province)",,,,,,,,,,,,,,2006,7,13,2006,7,13,,,2078,,2078,,,,,,,68.88375871,2,,37553,Bialla (Adm2). 
2006-0281-VUT,2006,0281,,Natural,Geophysical,Volcanic activity,Ash fall,,Lopevi,Vanuatu,VUT,Melanesia,Oceania,"Paama, Ambrym villages (Malampa province)",,,,,,,,,,-16.507,168.346,,,2006,5,9,2006,5,9,,,,,,,,,,,,68.88375871,2,,31850,Administrative unit not available (Adm2). 
2007-0363-ETH,2007,0363,,Natural,Geophysical,Volcanic activity,Ash fall,,Mount Arteale,Ethiopia,ETH,Eastern Africa,Africa,"Dayulu (Zone 1 district, Afar province), Gomoyta (Zone 4 district, Afar province)",,,,,,,,,,12.17,40.82,,,2007,8,12,2007,8,12,5,,2000,,2000,,,,,,,70.8487927,2,,40788;40790,"Zone 1, Zone 4 (Adm2). "
2007-0259-IDN,2007,0259,VO-2007-000095,Natural,Geophysical,Volcanic activity,Ash fall,,Mt. Gamkonora ,Indonesia,IDN,South-Eastern Asia,Asia,"South Ibu sub-district (Halmahera Barat district, Maluku Utara province)",,,,,,,,,,,,14:50,,2007,7,9,2007,7,9,,,9758,,9758,,,,,,,70.8487927,2,,73677,Halmahera Barat (Adm2). 
2007-0511-IDN,2007,0511,VO-2007-000186,Natural,Geophysical,Volcanic activity,Ash fall,,Mt. Kelud,Indonesia,IDN,South-Eastern Asia,Asia,"Kediri, Blitar districts (Jawa Timur province)",,,,,,,,,,-7.93,112.308,,,2007,10,16,2007,10,18,,,22154,,22154,,,,,,,70.8487927,2,,18066;18072,"Blitar, Kediri (Adm2). "
2008-0546-COL,2008,0546,VO-2008-000046,Natural,Geophysical,Volcanic activity,Ash fall,,Nevado del Huila,Colombia,COL,South America,Americas,"Paez Belalcázar, Toez, Avirama, Togoima, Cohetango, Talaga, Wila, Los Guadalupes, El Jardin, Bello Horizonte, Las Americas, Avenida Santaander, El Centro, San Fernando, La Primavera, Panamericano, Villa del Norte, El Salado, Hoez, Ricaurte, Pickwe Tha Fim (Paez district, Cauca Province), Inza district (Cauca Province),Tesalia, Nataga, Paicol, La Plata (Huila department) ",,"Slide (land, mud, snow, rock)",,,,,,,,2.93,-76.03,21:45,,2008,11,20,2008,11,20,16,7,8000,,8007,,,,,,,73.56874554,2,,13733;13742;13989;13990;13993;14006,"Inza, La Plata, Nataga, Paez, Paicol, Tesalia (Adm2). "
2008-0182-ARG,2008,0182,VO-2008-000056-CHL,Natural,Geophysical,Volcanic activity,Ash fall,,Chaiten,Argentina,ARG,South America,Americas,"Bariloche district (Rio Negro Province), Chubut province",,,,,,,,,,-42.833,-72.65,,,2008,5,7,2008,5,7,,,,,,,,,,,,73.56874554,1;2,433,4756,Chubut (Adm1). Bariloche (Adm2). 
2008-0182-CHL,2008,0182,VO-2008-000056-CHL,Natural,Geophysical,Volcanic activity,Ash fall,,Chaiten,Chile,CHL,South America,Americas,"Chaiten, Futaleufu towns (Palena district, Los Lagos province)",,,,,,Yes,,,,-42.833,-72.65,,,2008,5,2,2008,5,6,,,8000,,8000,,,,,,,73.56874554,2,,12957,Palena (Adm2). 
2008-0027-COL,2008,0027,VO-2008-000009,Natural,Geophysical,Volcanic activity,Ash fall,,Mount Galeras,Colombia,COL,South America,Americas,"Genoy town (Pasto distrit, Nariño Province), Sandona, Yacuanquer, Consaca districts (Nariño Province)",,,,,,,,,,,,20:06,,2008,1,17,2008,1,17,,,150,,150,,,,,,,73.56874554,2,,14069;14102;14115;14124,"Consaca, Pasto, Sandona, Yacuanquer (Adm2). "
2008-0164-COL,2008,0164,VO-2008-000046,Natural,Geophysical,Volcanic activity,Ash fall,,Nevado del Huila,Colombia,COL,South America,Americas,"Miranda, Toribio, Paez, Inza districts (Cauca province), Iquira, Santa Maria, Palermo, Teruel, La Plata, Paicol, Tesalia, Nataga districts (Huila province), Rioblanco, Planadas districts (Tolima province)",,,,,,,,,,,,,,2008,4,14,2008,4,14,,,14201,,14201,,,,,,,73.56874554,2,,13733;13739;13742;13758;13986;13989;13990;13993;13994;14001;14005;14006;14349;14352,"Inza, Iquira, La Plata, Miranda, Nataga, Paez, Paicol, Palermo, Planadas, Rioblanco, Santa Maria, Teruel, Tesalia, Toribio (Adm2). "
2008-0162-IDN,2008,0162,,Natural,Geophysical,Volcanic activity,Ash fall,,Mt. Egon,Indonesia,IDN,South-Eastern Asia,Asia,Sikka district (Nusatenggara Timur province),,,,,,,,,,,,,,2008,4,15,2008,4,15,,,600,,600,,,,,,,73.56874554,2,,18156,Sikka (Adm2). 
2007-0669-PHL,2007,0669,,Natural,Geophysical,Volcanic activity,Ash fall,,Mt. Bulusan,Philippines (the),PHL,South-Eastern Asia,Asia,"Irosin area (Sorsogon district, Region V (Bicol region) province)",,,,,,,,,,12.77,124.05,,,2007,7,31,2007,7,31,,,14036,,14036,,,,,,,70.8487927,2,,24245,Sorsogon (Adm2). 
2007-0473-YEM,2007,0473,,Natural,Geophysical,Volcanic activity,Ash fall,,,Yemen,YEM,Western Asia,Asia,"Jabal Al-Tayr island (Alluheyah district, Al Hudaydah province)",Earthquake,,,,,,,,,,,,,2007,9,30,2007,9,30,6,15,,,15,,,,,,,70.8487927,2,,32734,Alluheyah (Adm2). 
2008-0659-VUT,2008,0659,,Natural,Geophysical,Volcanic activity,Ash fall,,Mt. Ambrym,Vanuatu,VUT,Melanesia,Oceania,Ambrym island (Malampa province),,,,,,,,,,,,,,2008,12,,2009,4,,,,9000,,9000,,,,,,,73.56874554,2,,31850,Administrative unit not available (Adm2). 
2010-0562-IDN,2010,0562,VO-2010-000214,Natural,Geophysical,Volcanic activity,Ash fall,,Mt. Merapi,Indonesia,IDN,South-Eastern Asia,Asia,"Klaten, Kota Klaten, Magelang, Kota Magelang, Boyolali districts (Jawa Tengah province), Sleman district (Daerah Istimewa Yogyakarta province)",,Fire,,Yes,,,2234,,,,,,,2010,10,24,2010,10,24,322,454,136686,,137140,,,,,,,74.50944408,2,,17985;18034;18042;18043;18050;73730,"Boyolali, Klaten, Kota Klaten, Kota Magelang, Magelang, Sleman (Adm2). "
2010-0170-ISL,2010,0170,,Natural,Geophysical,Volcanic activity,Ash fall,,Eyjafjallajokull,Iceland,ISL,Northern Europe,Europe," Fljotshlid, Eyjafjöll, and Landeyjar villages (Rangarvalla province)",,Flood,,,,,,,,63.62959,-19.64,,,2010,3,,2010,4,,,,,,,,,,,,,74.50944408,1,1474,,Rang??rvalla (Adm1). 
2010-0274-ECU,2010,0274,VO-2010-000104,Natural,Geophysical,Volcanic activity,Ash fall,,Tungurahua,Ecuador,ECU,South America,Americas,"Tungurahua, Chimborazo, Bolivar, Pastaza, Los Rios, Guayas provinces",,,,,,,,,,-1.467,-78.442,,,2010,5,28,2010,5,28,,,2500,,2500,,,,,,,74.50944408,1,1136;1139;1147;1152;1155;22005,,"Bolivar, Chimborazo, Guayas, Los Rios, Pastaza, Tungurahua (Adm1). "
2010-0220-GTM,2010,0220,VO-2010-000103,Natural,Geophysical,Volcanic activity,Ash fall,,Pacaya volcano,Guatemala,GTM,Central America,Americas,"Escuintla, Guatemala, Sacatepéquez provinces",,,,Yes,,Yes,,,,14.381,-90.601,19:00,,2010,5,27,2010,5,27,,,1800,,1800,,,,,,,74.50944408,1,64821;64823;64825,,"Escuintla, Guatemala, Sacatepéquez (Adm1). "
2010-0446-IDN,2010,0446,VO-2010-000170,Natural,Geophysical,Volcanic activity,Ash fall,,Mt. Sinabung,Indonesia,IDN,South-Eastern Asia,Asia,"Suka Meriah, Guru Kinayan, Gamber, Kuta Gugung, Siragong-Grang, Bekerah, Simacem, Sukanalu, Naman, Kebayaken, Kuta Rayat, Kuta Mbelin villages (Karo district, Sumatera Utara province)",,,,Yes,,,,,,3.17,98.392,00:15,,2010,8,29,2010,9,7,1,1,15059,,15060,,,,,,,74.50944408,2,,18227,Karo (Adm2). 
2011-0209-ARG,2011,0209,,Natural,Geophysical,Volcanic activity,Ash fall,,"Volcano ""Puyehue""",Argentina,ARG,South America,Americas,"San Martin de Los Andes town (Lacar district, Neuquen province), Bariloche district (Rio Negro province), Chubut province",,,,,,Yes,,,,-40.59,-72.12,,,2011,6,4,2011,6,17,,,3000,,3000,,,,,104000,135308,76.86159538,1;2,433,4743;4756,"Chubut (Adm1). Bariloche, Lacar (Adm2). "
2011-0209-CHL,2011,0209,,Natural,Geophysical,Volcanic activity,Ash fall,,"Volcano ""Puyehue""",Chile,CHL,South America,Americas,"Futrono, Lago Ranco, Rio Bueno towns (Ranco district, Los Rios province)",,,,,,,,,,-40.59,-72.12,,,2011,6,4,2011,6,17,,,3500,,3500,,,,,,,76.86159538,2,,149632,Ranco (Adm2). 
2009-0574-PHL,2009,0574,,Natural,Geophysical,Volcanic activity,Ash fall,,Mt. Mayon,Philippines (the),PHL,South-Eastern Asia,Asia,"Camalig, Daraga, Legaspi city, Tabaco, Malilipot, Santo Domingo, Ligao, Guinobatan areas (Albay district, Region V (Bicol region) province)",,Earthquake,,Yes,,,50,,,13.257,123.685,,,2009,12,14,2009,12,20,,,47137,,47137,,,,,,,73.30717672,2,,24240,Albay (Adm2). 
2010-0606-PHL,2010,0606,,Natural,Geophysical,Volcanic activity,Ash fall,,Mt. Bulusan,Philippines (the),PHL,South-Eastern Asia,Asia,"Casiguran, Juban, Irosin, Magallanes areas (Sorsogon district, Region V (Bicol region) province)",,,,,,,,,,12.77,124.05,,,2010,11,9,2010,11,9,,,14161,,14161,,,,,,,74.50944408,2,,24245,Sorsogon (Adm2). 
2011-0101-PHL,2011,0101,,Natural,Geophysical,Volcanic activity,Ash fall,,Mt. Bulusan,Philippines (the),PHL,South-Eastern Asia,Asia,"Irosin, Juban, Bulan areas (Sorsogon district, Region V (Bicol region) province)",,,,,,,,,,12.77,124.05,,,2011,2,21,2011,2,21,,,32616,,32616,,,,,,,76.86159538,2,,24245,Sorsogon (Adm2). 
2009-0553-VUT,2009,0553,,Natural,Geophysical,Volcanic activity,Ash fall,,Mt. Garet,Vanuatu,VUT,Melanesia,Oceania,Gaua island (Torba province),,,,,,,,,,,,,,2009,11,26,2009,11,26,,,400,,400,,,,,,,73.30717672,2,,31855,Administrative unit not available (Adm2). 
2011-0568-IDN,2011,0568,,Natural,Geophysical,Volcanic activity,Ash fall,,Mt. Gamalama,Indonesia,IDN,South-Eastern Asia,Asia,Kota Ternate district (Maluku Utara province),,Flood,,,,,,,,0.8,127.33,,,2011,12,4,2011,12,27,3,5,2368,,2373,,,,,,,76.86159538,2,,73758,Kota Ternate (Adm2). 
2011-0506-IDN,2011,0506,,Natural,Geophysical,Volcanic activity,Ash fall,,Mt. Lokon,Indonesia,IDN,South-Eastern Asia,Asia,"Kota Manado, Kota Tomohon, Minahasa Selatan, Minahasa Utara, Minahasa districts (Sulawesi Utara province)",,,,,,,,,,1.358333,124.79,,,2011,7,11,2011,7,17,,,,6000,6000,,,,,,,76.86159538,2,,18200;73760;73798;73799;73800,"Kota Manado, Kota Tomohon, Minahasa, Minahasa Selatan, Minahasa Utara (Adm2). "
2012-0356-GTM,2012,0356,,Natural,Geophysical,Volcanic activity,Ash fall,,,Guatemala,GTM,Central America,Americas,"Sacatepéquez, Escuintla and Chimaltenango provinces",,,,,,,,,,,,,,2012,9,13,2012,9,13,,,10000,,10000,,,,,,,78.45211388,1,64823;64824;64825,,"Chimaltenango, Escuintla, Sacatepéquez (Adm1). "
2013-0542-IDN,2013,0542,,Natural,Geophysical,Volcanic activity,Ash fall,,Mt. Sinabung,Indonesia,IDN,South-Eastern Asia,Asia,Karo district (Sumatera Utara province),,,,Yes,,,,,,3.17,98.392,,,2013,9,,2013,12,,,,29727,,29727,,,,,,,79.60130942,2,,18227,Karo (Adm2). 
2011-0564-PHL,2011,0564,,Natural,Geophysical,Volcanic activity,Ash fall,,Mt. Taal ,Philippines (the),PHL,South-Eastern Asia,Asia,"Talisay, San Nicolas, Balete areas (Batangas district, Region IV-A (Calabarzon) province)",,,,,,,,,,14.002,120.993,,,2011,3,17,2011,4,18,,,1315,,1315,,,,,,,76.86159538,2,,24227,Batangas (Adm2). 
2013-0355-PER,2013,0355,,Natural,Geophysical,Volcanic activity,Ash fall,,Mount Ubinas,Peru,PER,South America,Americas,"Arequipa district (Arequipa province), General Sanchez Cerro district (Moquagua province)",,,,,,Yes,,,,,,,,2013,9,12,2014,5,23,,,1040,,1040,,,,,,,79.60130942,2,,24039;24151,"Arequipa, General S??nchez Cerro (Adm2). "
2013-0543-SLV,2013,0543,VO-2013-000160,Natural,Geophysical,Volcanic activity,Ash fall,,Chaparrastique Volcano,El Salvador,SLV,Central America,Americas,"Chinameca, San Joge, El Transito, San Rafael de Oriente districts (San Miguel province)",,,,,,,,,,,,06:30,,2013,12,29,2013,12,29,,,63079,,63079,,,,,,,79.60130942,2,,15726;15730;15738;15741,"Chinameca, El Transito, San Jorge, San Rafael Oriente (Adm2). "
2014-0478-CPV,2014,0478,VO-2014-000158,Natural,Geophysical,Volcanic activity,Lava flow,,Pico do Fogo,Cabo Verde,CPV,Western Africa,Africa,"Bangaeira, Djeu Lorna, Portela, Cha das Caldeiras villages (Sao Filipe district, Fogo province)",,,,Yes,,,,,,,,10:00,,2014,11,23,2015,1,31,,,2500,,2500,,,,,,,80.89262372,2,,12816,Sao Filipe (Adm2). 
2015-0142-ARG,2015,0142,,Natural,Geophysical,Volcanic activity,Ash fall,,Calbuco,Argentina,ARG,South America,Americas,"San Carlos de Bariloche town (Bariloche district, Rio Negro province)",,,,,,,,,,,,,,2015,4,24,2015,4,24,,,,,,,,,,,,80.98857899,2,,4756,Bariloche (Adm2). 
2015-0142-CHL,2015,0142,,Natural,Geophysical,Volcanic activity,Ash fall,,Calbuco,Chile,CHL,South America,Americas,"Ensenada town (Llanquihue district, Los Lagos province)",,,,,,,,,,,,,,2015,4,24,2015,4,30,,,4000,,4000,,,,,600000,740845,80.98857899,2,,12955,Llanquihue (Adm2). 
2015-0143-CHL,2015,0143,,Natural,Geophysical,Volcanic activity,Ash fall,,Villarrica,Chile,CHL,South America,Americas,"Vallarica, Pucon, Cararrehue municipalities, Temuco town (Cautin district, Araucania province), Conaripe municipality (Valdivia district, Los Rios province)",,,,,,,,,,,,,,2015,3,,2015,3,,,,3600,,3600,,,,,,,80.98857899,2,,12935;149633,"Cautin, Valdivia (Adm2). "
2015-0104-CRI,2015,0104,VO-2015-000025,Natural,Geophysical,Volcanic activity,Ash fall,,Turrialba,Costa Rica,CRI,Central America,Americas,Turrialba district (Cartago province),,,,,,,,,,,,,,2015,3,12,2015,3,12,,,18450,,18450,,,,,,,80.98857899,2,,14492,Turrialba (Adm2). 
2015-0361-ECU,2015,0361,,Natural,Geophysical,Volcanic activity,Lava flow,,Cotopaxi,Ecuador,ECU,South America,Americas,"Cotopaxi, Napo, Pichincha provinces",,,,,,Yes,,,,-0.677,-78.436,,,2015,8,14,2015,8,22,,,800000,,800000,,,,,,,80.98857899,1,1140;1150;22006,,"Cotopaxi, Napo, Pichincha (Adm1). "
2015-0550-ECU,2015,0550,,Natural,Geophysical,Volcanic activity,,,Tungurahua ,Ecuador,ECU,South America,Americas,"Cotaló, Chacauco, Pillate, Chontapamba, Chonglontus, Cúsua, Juive, Bilbao, Pelileo, Quero, Mocha, Cevallos , Ambato; Tungurahua, Chimborazo provinces",,,,,,,,,,-1.467,-78.442,,,2015,11,17,2016,3,,,,130042,,130042,,,,,,,80.98857899,1,1139;1155,,"Chimborazo, Tungurahua (Adm1). "
2014-0044-IDN,2014,0044,,Natural,Geophysical,Volcanic activity,Ash fall,,Mt. Sinabung,Indonesia,IDN,South-Eastern Asia,Asia,Karo district (Sumatera Utara province),,,,,,,,,,3.17,98.392,,,2014,2,1,2014,2,1,32,2,32000,,32002,,,,,83000,102605,80.89262372,2,,18227,Karo (Adm2). 
2014-0064-IDN,2014,0064,VO-2014-000022,Natural,Geophysical,Volcanic activity,Ash fall,,Mt. Kelud,Indonesia,IDN,South-Eastern Asia,Asia,"Bantul, Kota Yogyakarta, Kulonprogo, Sleman districts (Daerah Istimewa Yogyakarta province), Boyolali, Kebumen, Kota Magelang, Kota Surakarta, Magelang, Purworejo, Temanggung, Wonogiri districts (Jawa Tengah province), Blitar, Kediri, Kota Blitar, Kota Kediri, Kota Malang, Kota Surabaya, Malang, Pacitan, Ponorogo districts (Jawa Timur province), Kota Mataram district (Nusatenggara Barat province)",,,,,,,,,,-7.93,112.308,,,2014,2,14,2014,2,14,7,70,83088,,83158,,,,,103000,127329,80.89262372,2,,17981;17983;17984;17985;18034;18041;18043;18047;18050;18055;18061;18062;18066;18072;18073;18074;18076;18080;18089;18092;73736;73780,"Bantul, Blitar, Boyolali, Kebumen, Kediri, Kota Blitar, Kota Kediri, Kota Magelang, Kota Malang, Kota Mataram, Kota Surabaya, Kota Surakarta, Kota Yogyakarta, Kulonprogo, Magelang, Malang, Pacitan, Ponorogo, Purworejo, Sleman, Temanggung, Wonogiri (Adm2). "
2014-0336-JPN,2014,0336,,Natural,Geophysical,Volcanic activity,,,Mt. Ontake,Japan,JPN,Eastern Asia,Asia,"Kaidamura, Mitakemura, Ootakimura districts (Nagano province), Asahimura, Osakatyoo, Takanemura districts (Gifu province)",,,,,,,,,,35.893,137.48,,,2014,9,27,2014,9,30,63,69,,,69,,,,,,,80.89262372,2,,33912;33978;33991;35277;35302;35325,"Asahimura, Kaidamura, Mitakemura, Ootakimura, Osakatyoo, Takanemura (Adm2). "
2014-0331-PHL,2014,0331,,Natural,Geophysical,Volcanic activity,,,Mt. Mayon,Philippines (the),PHL,South-Eastern Asia,Asia,"Tabaco, Ligao, Legazpi city, Malilipot, Daraga, Camalig, Guinobatan, Sto. Domingo areas (Albay district, Region V (Bicol region) province)",,,,Yes,,Yes,,,,13.257,123.685,,,2014,9,16,2014,12,3,,,60545,,60545,,,,,,,80.89262372,2,,24240,Albay (Adm2). 
2014-0410-PNG,2014,0410,,Natural,Geophysical,Volcanic activity,Ash fall,,Mt. Bagana,Papua New Guinea,PNG,Melanesia,Oceania,"Arawa, Buin, Sohano districts, Northern Solomons province",,,,,,,,,,,,,,2014,8,9,2014,8,9,,,1380,,1380,,,,,,,80.89262372,2,,37537;37538;37539,"Arawa, Buin, Sohano (Adm2). "
2018-0168-GTM,2018,0168,VO-2018-000066,Natural,Geophysical,Volcanic activity,Pyroclastic flow ,,Volcan de Fuego,Guatemala,GTM,Central America,Americas,"El Rodeo, Las Lajas, Antigua, Escuintla, Chimaltenango, Sacatepequez, San Miguel Los Lotes ",,Rain,,Yes,,Yes,10000,,,,,,,2018,6,3,2018,6,3,461,27,1714387,,1714414,,,,,,,85.80302606,2,,64868,Antigua Guatemala (Adm2). 
2017-0393-IDN,2017,0393,VO-2017-000141,Natural,Geophysical,Volcanic activity,,,Mt. Agung,Indonesia,IDN,South-Eastern Asia,Asia,Bali (Karangasem),,,,,,,,,,,,,,2017,9,22,2017,11,28,,,133349,,133349,,,,,,,83.75725455,2,,17974,Karangasem (Adm2). 
2018-0458-IDN,2018,0458,,Natural,Geophysical,Volcanic activity,,,Anak Krakatoa,Indonesia,IDN,South-Eastern Asia,Asia,"Pandenglang, South Lampung, Serang districts (Bantan province)",,Tsunami/Tidal wave,,,,,,,,,,,,2018,12,22,2018,12,22,453,14059,33719,,47778,,,,,250000,291365,85.80302606,2,,18022;18024;18135,"Lampung Selatan, Pandeglang, Serang (Adm2). "
2018-0461-ITA,2018,0461,,Natural,Geophysical,Volcanic activity,,,Mount Etna,Italy,ITA,Southern Europe,Europe,"Acicatena, Acireale, Aci Sant’Antonio, Santa Venerina, Viagrande and Zafferana Etnea (Catane, Sicily)",,Earthquake,,,,,,5,,,,,,2018,12,24,2018,12,26,,28,300,,328,,,,,115000,134028,85.80302606,1,1630,,Sicilia (Adm1). 
2018-0016-IDN,2018,0016,,Natural,Geophysical,Volcanic activity,Ash fall,,Mt. Agung,Indonesia,IDN,South-Eastern Asia,Asia,,,,,,,,,,,,,,,2018,1,14,2018,1,14,,,50000,,50000,,,,,,,85.80302606,,,,
2018-0014-PHL,2018,0014,VO-2018-000005,Natural,Geophysical,Volcanic activity,Lava flow,,Mt. Mayon,Philippines (the),PHL,South-Eastern Asia,Asia,"Bacacay, Daraga, Legazpi, Ligao, Santo Domingo, Tabao, Camalig, Guinobatan, Malilipot municipalities (Bicol region, Albay province)",,,,Yes,,Yes,,,,,,,,2018,1,13,2018,3,6,,,86056,,86056,,,,,3564,4154,85.80302606,2,,24240,Albay (Adm2). 
2018-0017-PNG,2018,0017,VO-2018-000002,Natural,Geophysical,Volcanic activity,,,,Papua New Guinea,PNG,Melanesia,Oceania,"Manot, Taragauo, Dong Sarakbano, Niukatnam, Rumgio (Kadovar islands)",,,,,,,,,,,,,,2018,1,5,2018,1,6,,,736,,736,,,,,,,85.80302606,2,,37488,Wewak (Adm2). 
2019-0298-PNG,2019,0298,,Natural,Geophysical,Volcanic activity,Ash fall,,Mount Ulawun and Manam,Papua New Guinea,PNG,Melanesia,Oceania,West New Britain,,,,,,,,,,,,,,2019,6,28,2019,6,28,,,15800,,15800,,,,,,,87.35800677,1,2306,,West New Britain (Adm1). 
2017-0394-VUT,2017,0394,VO-2017-000140,Natural,Geophysical,Volcanic activity,Ash fall,,Mt Monaro,Vanuatu,VUT,Melanesia,Oceania,"Ambae, Ni-Vanuatu island",,,,,,Yes,,,,,,,,2017,9,23,2017,10,2,,,11000,,11000,,,,,,,83.75725455,1,3297,,Penama (Adm1). 
2018-0146-USA,2018,0146,,Natural,Geophysical,Volcanic activity,Lava flow,,Kilauea,United States of America (the),USA,Northern America,Americas,Hawaï,,Earthquake,,,,,,7,,,,,,2018,5,3,2018,5,30,,,2500,,2500,,,,,500000,582730,85.80302606,1,3225,,Hawaii (Adm1). 
2018-0456-VUT,2018,0456,VO-2018-000424,Natural,Geophysical,Volcanic activity,Ash fall,,Ambryn,Vanuatu,VUT,Melanesia,Oceania,Malampa province,,Earthquake,,,,,,,,,,,,2018,12,15,2018,12,18,,,7286,,7286,,,,,,,85.80302606,1,3296,,Malampa (Adm1). 
2018-0147-VUT,2018,0147,,Natural,Geophysical,Volcanic activity,Ash fall,,Aoba (Manaro Voui),Vanuatu,VUT,Melanesia,Oceania,Ambae,,,,,,Yes,,,,,,,,2018,3,,2018,5,,,,6300,,6300,,,,,,,85.80302606,,,,
2019-0358-BOL,2019,0358,,Natural,Geophysical,Volcanic activity,Ash fall,,Ubinas,Bolivia (Plurinational State of),BOL,South America,Americas,"Lake Titicaca on the Peru-Bolivia border, La Paz department",,,,,,,,,,,,,,2019,7,19,2019,7,23,,,3000,,3000,,,,,,,87.35800677,1,40446,,La Paz (Adm1). 
2020-0479-ECU,2020,0479,VO-2020-000205,Natural,Geophysical,Volcanic activity,Ash fall,,Sangay,Ecuador,ECU,South America,Americas,"Chimborazo, Bolivar, Guayas, Los Ríos, Santa Elena, Manabí",,,,,,,,,,,,,,2020,9,20,2020,9,20,,,18685,,18685,,,,,,,88.43564081,1,1136;1139;1147;1148;22005;22007,,"Bolivar, Chimborazo, Guayas, Los Rios, Manabi, Santa Elena (Adm1). "
2019-0598-NZL,2019,0598,,Natural,Geophysical,Volcanic activity,Ash fall,,Whakaari/White Island volcano,New Zealand,NZL,Australia and New Zealand,Oceania,Whakaari/White Island ,,,,,,,,,,,,,,2019,12,9,2019,12,9,21,23,,,23,,,,,,,87.35800677,1,2172,,Bay Of Plenty (Adm1). 
2019-0358-PER,2019,0358,,Natural,Geophysical,Volcanic activity,Ash fall,,Ubinas,Peru,PER,South America,Americas,"Moquegua, Arequipa, Puno,Tacna Departments ",,,,,,Yes,,,,,,,,2019,7,19,2019,7,22,,,30000,,30000,,,,,,,87.35800677,1,2331;2345;2348;2350,,"Arequipa, Moquegua, Puno, Tacna (Adm1). "
2020-0517-IDN,2020,0517,VO-2020-000236,Natural,Geophysical,Volcanic activity,Ash fall,,Lewotolo Volcano,Indonesia,IDN,South-Eastern Asia,Asia,"Lembata Regency, Solor Archipelago",,,,,,Yes,,,,,,,,2020,11,29,2020,12,31,,,19736,,19736,,,,,,,88.43564081,1,1529,,Nusatenggara Timur (Adm1). 
2020-0518-IDN,2020,0518,,Natural,Geophysical,Volcanic activity,Lava flow,,Mount Semeru,Indonesia,IDN,South-Eastern Asia,Asia,East Java Province,,,,,,,,,,,,,,2020,12,1,2020,12,1,,,550,,550,,,,,,,88.43564081,1,1521,,Jawa Timur (Adm1). 
2021-0126-ECU,2021,0126,,Natural,Geophysical,Volcanic activity,Ash fall,,Mount Sangay,Ecuador,ECU,South America,Americas,Chimborazo province,,,,,,,,,,,,,,2021,3,,2021,3,15,,,133306,,133306,,,,,,,92.59019293,1,1139,,Chimborazo (Adm1). 
2021-0776-IDN,2021,0776,VO-2021-000194,Natural,Geophysical,Volcanic activity,Pyroclastic flow ,,Mount Semeru,Indonesia,IDN,South-Eastern Asia,Asia,Lumajang Regency; Malang Regency; Blitar district (Java Province),,,,,,Yes,,,,,,14:50,,2021,12,4,2021,12,9,71,27,10965,,10992,,,,,20000,21601,92.59019293,2,,18066;18073;18076;18082;73780,"Blitar, Kota Blitar, Kota Malang, Lumajang, Malang (Adm2). "
2021-0004-IDN,2021,0004,,Natural,Geophysical,Volcanic activity,Lava flow,,Mount Merapi,Indonesia,IDN,South-Eastern Asia,Asia,Central Java,,,,,,,,,,,,,,2021,1,17,2021,1,17,,,1329,,1329,,,,,,,92.59019293,1,1520,,Jawa Tengah (Adm1). 
2022-0026-PER,2022,0026,VO-2022-000005,Natural,Geophysical,Volcanic activity,Ash fall,,Hunga-Tonga-Hunga-Ha'apai ,Peru,PER,South America,Americas,Ventanilla district,,Tsunami/Tidal wave,Oil spill,,,Yes,,,,,,,,2022,1,15,2022,1,15,2,,,,,,,,,,,100,,,,
2022-0144-IDN,2022,0144,,Natural,Geophysical,Volcanic activity,Pyroclastic flow ,,Mount Merapi,Indonesia,IDN,South-Eastern Asia,Asia,Special Region of Yogyakarta,,,,,,,,,,,,,,2022,3,6,2022,3,10,,,253,,253,,,,,,,100,,,,
2020-0008-PHL,2020,0008,VO-2020-000002,Natural,Geophysical,Volcanic activity,Ash fall,,Taal volcano,Philippines (the),PHL,South-Eastern Asia,Asia,"Batangas, Cavite, Laguna, Quezon provinces (Calabarzon Region) ",,,,,,,,,,,,,,2020,1,12,2020,1,22,1,,736802,,736802,,,,,66000,74631,88.43564081,2,,24227;24228;24229;24234,"Batangas, Cavite, Laguna, Quezon (Adm2). "
2021-0284-RWA,2021,0284,,Natural,Geophysical,Volcanic activity,Lava flow,,Mount Nyiragongo,Rwanda,RWA,Eastern Africa,Africa,"Gisenyi, Rugerero, Rubavu and Nyamyumba (Rubavu district)",Seismic acitivities,Earthquake,,,,,,,,,,,,2021,5,22,2021,5,23,,,11625,1740,13365,,,,,,,92.59019293,2,,21998,Rubavu (Adm2). 
2021-0284-COD,2021,0284,,Natural,Geophysical,Volcanic activity,Lava flow,,Mount Nyiragongo,Congo (the Democratic Republic of the),COD,Middle Africa,Africa,Goma,Seismic activities,Earthquake,,,,,,,,,,,,2021,5,22,2021,5,23,32,,288404,,288404,,,,,,,92.59019293,2,,74356,Goma (Adm2). 
2021-0376-PHL,2021,0376,VO-2021-000071,Natural,Geophysical,Volcanic activity,,,Taal volcano,Philippines (the),PHL,South-Eastern Asia,Asia,Agoncillo and Laurel municipaliies (Batangas in Luzon),,,,,,,,,,,,,,2021,7,1,2021,7,23,,,22433,,22433,,,,,,,92.59019293,2,,24227,Batangas (Adm2). 
2021-0613-SPI,2021,0613,,Natural,Geophysical,Volcanic activity,Lava flow,,Cumbre Vieja volcano,Canary Is,SPI,Southern Europe,Europe,La Palma Island,,,,,,Yes,,,,,,,,2021,9,19,2021,12,25,1,,339,6549,6888,,,,,1000000,1080028,92.59019293,2,,25789,Las Palmas (Adm2). 
2021-0195-VCT,2021,0195,VO-2021-000034,Natural,Geophysical,Volcanic activity,Pyroclastic flow ,,La Souffrière,Saint Vincent and the Grenadines,VCT,Caribbean,Americas,"Saint-David, Charlotte",,,,Yes,Yes,,,,,,,,,2021,4,9,2021,4,30,,,13300,,13300,,,,,325000,351009,92.59019293,1,61286;61288,,"Charlotte, Saint David (Adm1). "
2021-0847-VUT,2021,0847,VO-2021-000174,Natural,Geophysical,Volcanic activity,Ash fall,,Volcano 'Yasur',Vanuatu,VUT,Melanesia,Oceania,,,,,,,,,,,,,,,2021,10,21,2021,10,22,,,3383,,3383,,,,,,,92.59019293,,,,
2022-0026-TON,2022,0026,VO-2022-000005,Natural,Geophysical,Volcanic activity,Ash fall,,Hunga-Tonga-Hunga-Ha'apai ,Tonga,TON,Polynesia,Oceania,Hunga Tonga-Hunga Ha’apai; Nuku’alofa; Uoleva; Uiha and Nomuka,,Tsunami/Tidal wave,,,Yes,Yes,,,,,,,,2022,1,15,2022,1,15,4,,84176,,84176,,,,,118000,118000,100,,,,
2022-0787-IDN,2022,0787,,Natural,Geophysical,Volcanic activity,Ash fall,,Mount Semeru,Indonesia,IDN,South-Eastern Asia,Asia,East Java Province,,,,,,,,,,,,02:46,,2022,12,4,2022,12,5,,,2489,,2489,,,,,,,100,,,,
2022-0176-PHL,2022,0176,,Natural,Geophysical,Volcanic activity,,,Taal,Philippines (the),PHL,South-Eastern Asia,Asia,Agoncillo and Laurel minicpalities (Batangas Province),,,,,,,,,,,,,,2022,3,26,2022,3,31,,,10415,,10415,,,,,,,100,2,,24227,Batangas (Adm2). 
2023-0287-GTM,2023,0287,,Natural,Geophysical,Volcanic activity,Ash fall,,Mount Fuego,Guatemala,GTM,Central America,Americas,"San Pedro Yepocapa, Chimaltenango, Panimaché I and II villages, El Porvenir and Morelia muncipalities",,,,,,,,,,,,,,2023,5,5,2023,5,5,,,1054,,1054,,,,,,,,,,,
2023-0355-PHL,2023,0355,VO-2023-000099,Natural,Geophysical,Volcanic activity,Lava flow,,Mount 'Mayon',Philippines (the),PHL,South-Eastern Asia,Asia,"Bacacay, Camalig, Daraga, Guinobatan, Ligao, Malilipot, Santo Domingo, Tabaco (Albay Province, Bicol Region)",,,,,,,,,,,,,,2023,6,5,2023,6,29,,628,41500,,42128,,,,,,,,2,,24240,Albay (Adm2). 